,MPIESM12,MPIESM11,IPSLCM5A,HadGEM2,HadCM3L,GISSE2R,FAMOUS,ECHAM5MPIOM,CNRMCM61,CESM104,CCSM3II,CCSM3
0,-1.780792543193262,-1.475409941709894,-0.9102558597390935,-0.8611141028177128,-1.5862356358588945,-2.574495583493275,-0.7984822574536291,-0.7296818874593014,-0.923252525867073,-1.5004134280576844,-2.1954387356935543,
1,-1.0359730475432445,-1.0837206037796707,-0.7457745247220668,-0.38770768930657445,-1.8619811583669041,-1.3310056587852577,-0.3768388904419746,-0.8118306797021109,-0.8965683675393793,-0.9424683457075184,-1.7001618575937962,
2,-0.9368053188027599,-0.9090240183738888,-0.5138331161169885,-0.6067309938125643,-0.8778625086598373,-1.1575391286581587,-0.07840300093053729,-0.4609374853354044,-0.4842965423324422,-0.8565778894115794,-1.1955303985141843,
